pdb,chain,res_id,residue,DiscoTope-3.0_score,calibrated_score,epitope,rsa,pLDDTs,length,alphafold_struc_flag
file_A,A,333,T,0.09583,-0.61430,False,1.15763,100,196,0
file_A,A,334,N,0.20537,0.05218,False,0.62847,100,196,0
file_A,A,335,L,0.10796,-0.54049,False,0.67656,100,196,0
file_A,A,336,C,0.06801,-0.78356,False,0.07068,100,196,0
file_A,A,337,P,0.17006,-0.16266,False,0.32407,100,196,0
file_A,A,338,F,0.05468,-0.86467,False,0.03409,100,196,0
file_A,A,339,G,0.18469,-0.07365,False,0.47414,100,196,0
file_A,A,340,E,0.17758,-0.11690,False,0.57817,100,196,0
file_A,A,341,V,0.06360,-0.81039,False,0.06946,100,196,0
file_A,A,342,F,0.07987,-0.71140,False,0.08784,100,196,0
file_A,A,343,N,0.19787,0.00655,False,0.80749,100,196,0
file_A,A,344,A,0.11618,-0.49048,False,0.32640,100,196,0
file_A,A,345,T,0.23471,0.23069,False,0.87709,100,196,0
file_A,A,346,R,0.38257,1.13032,False,0.87280,100,196,0
file_A,A,347,F,0.08241,-0.69595,False,0.09837,100,196,0
file_A,A,348,A,0.14006,-0.34519,False,0.23311,100,196,0
file_A,A,349,S,0.13258,-0.39070,False,0.12880,100,196,0
file_A,A,350,V,0.00795,-1.14899,False,0.00000,100,196,0
file_A,A,351,Y,0.17974,-0.10376,False,0.14856,100,196,0
file_A,A,352,A,0.14049,-0.34257,False,0.21488,100,196,0
file_A,A,353,W,0.10110,-0.58223,False,0.03303,100,196,0
file_A,A,354,N,0.14000,-0.34555,False,0.49187,100,196,0
file_A,A,355,R,0.30964,0.68659,False,0.36729,100,196,0
file_A,A,356,K,0.18220,-0.08880,False,0.38584,100,196,0
file_A,A,357,R,0.32320,0.76909,False,0.59788,100,196,0
file_A,A,358,I,0.01620,-1.09879,False,0.01360,100,196,0
file_A,A,359,S,0.19656,-0.00142,False,0.20815,100,196,0
file_A,A,360,N,0.21795,0.12872,False,0.70244,100,196,0
file_A,A,361,C,0.06376,-0.80942,False,0.10346,100,196,0
file_A,A,362,V,0.09823,-0.59970,False,0.25420,100,196,0
file_A,A,363,A,0.01875,-1.08328,False,0.02168,100,196,0
file_A,A,364,D,0.13443,-0.37944,False,0.21698,100,196,0
file_A,A,365,Y,0.03433,-0.98848,False,0.02421,100,196,0
file_A,A,366,S,0.15942,-0.22740,False,0.33913,100,196,0
file_A,A,367,V,0.10120,-0.58162,False,0.56987,100,196,0
file_A,A,368,L,0.06200,-0.82013,False,0.03814,100,196,0
file_A,A,369,Y,0.16365,-0.20166,False,0.42135,100,196,0
file_A,A,370,N,0.15262,-0.26877,False,0.81753,100,196,0
file_A,A,371,S,0.13504,-0.37573,False,0.36749,100,196,0
file_A,A,372,A,0.11462,-0.49997,False,0.92826,100,196,0
file_A,A,373,S,0.13096,-0.40056,False,0.74835,100,196,0
file_A,A,374,F,0.15705,-0.24182,False,0.23505,100,196,0
file_A,A,375,S,0.15591,-0.24875,False,0.55504,100,196,0
file_A,A,376,T,0.12618,-0.42964,False,0.21107,100,196,0
file_A,A,377,F,0.14744,-0.30029,False,0.29088,100,196,0
file_A,A,378,K,0.34401,0.89571,False,0.53117,100,196,0
file_A,A,379,C,0.22909,0.19650,False,0.16625,100,196,0
file_A,A,380,Y,0.30620,0.66566,False,0.22195,100,196,0
file_A,A,381,G,0.33335,0.83085,False,0.85111,100,196,0
file_A,A,382,V,0.35252,0.94749,False,0.22247,100,196,0
file_A,A,383,S,0.28442,0.53314,False,0.34290,100,196,0
file_A,A,384,P,0.21846,0.13182,False,0.37911,100,196,0
file_A,A,385,T,0.28025,0.50777,False,0.82018,100,196,0
file_A,A,386,K,0.26118,0.39174,False,0.59066,100,196,0
file_A,A,387,L,0.03173,-1.00430,False,0.02287,100,196,0
file_A,A,388,N,0.10116,-0.58187,False,0.22485,100,196,0
file_A,A,389,D,0.22146,0.15008,False,0.58187,100,196,0
file_A,A,390,L,0.27532,0.47778,False,0.38995,100,196,0
file_A,A,391,C,0.10686,-0.54719,False,0.43430,100,196,0
file_A,A,392,F,0.09703,-0.60700,False,0.07070,100,196,0
file_A,A,393,T,0.07557,-0.73757,False,0.05506,100,196,0
file_A,A,394,N,0.20276,0.03630,False,0.14576,100,196,0
file_A,A,395,V,0.00402,-1.17290,False,0.00095,100,196,0
file_A,A,396,Y,0.20732,0.06404,False,0.16749,100,196,0
file_A,A,397,A,0.00973,-1.13816,False,0.00471,100,196,0
file_A,A,398,D,0.00728,-1.15306,False,0.00000,100,196,0
file_A,A,399,S,0.07478,-0.74237,False,0.08223,100,196,0
file_A,A,400,F,0.00554,-1.16365,False,0.00000,100,196,0
file_A,A,401,V,0.00477,-1.16834,False,0.00000,100,196,0
file_A,A,402,I,0.01137,-1.12818,False,0.00000,100,196,0
file_A,A,403,R,0.50240,1.85940,True,0.13450,100,196,0
file_A,A,404,G,0.11127,-0.52036,False,0.21382,100,196,0
file_A,A,405,D,0.64372,2.71924,True,0.56972,100,196,0
file_A,A,406,E,0.15844,-0.23336,False,0.02849,100,196,0
file_A,A,407,V,0.10125,-0.58132,False,0.13834,100,196,0
file_A,A,408,R,0.44442,1.50663,True,0.80379,100,196,0
file_A,A,409,Q,0.18785,-0.05442,False,0.16180,100,196,0
file_A,A,410,I,0.03074,-1.01033,False,0.02254,100,196,0
file_A,A,411,A,0.05624,-0.85518,False,0.13845,100,196,0
file_A,A,412,P,0.12467,-0.43883,False,0.22552,100,196,0
file_A,A,413,G,0.33989,0.87064,False,0.64587,100,196,0
file_A,A,414,Q,0.25889,0.37781,False,0.32666,100,196,0
file_A,A,415,T,0.63225,2.64945,True,0.75841,100,196,0
file_A,A,416,G,0.63322,2.65535,True,0.31657,100,196,0
file_A,A,417,K,0.53867,2.08008,True,0.28068,100,196,0
file_A,A,418,I,0.00869,-1.14448,False,0.00000,100,196,0
file_A,A,419,A,0.02173,-1.06515,False,0.01530,100,196,0
file_A,A,420,D,0.65087,2.76274,True,0.17173,100,196,0
file_A,A,421,Y,0.68930,2.99656,True,0.24505,100,196,0
file_A,A,422,N,0.01443,-1.10956,False,0.00535,100,196,0
file_A,A,423,Y,0.01540,-1.10366,False,0.00732,100,196,0
file_A,A,424,K,0.08603,-0.67392,False,0.18478,100,196,0
file_A,A,425,L,0.02939,-1.01854,False,0.02481,100,196,0
file_A,A,426,P,0.16422,-0.19819,False,0.16502,100,196,0
file_A,A,427,D,0.20610,0.05662,False,0.74327,100,196,0
file_A,A,428,D,0.38034,1.11675,False,0.74685,100,196,0
file_A,A,429,F,0.10812,-0.53952,False,0.04419,100,196,0
file_A,A,430,T,0.19909,0.01397,False,0.30924,100,196,0
file_A,A,431,G,0.00254,-1.18190,False,0.00000,100,196,0
file_A,A,432,C,0.00524,-1.16548,False,0.00200,100,196,0
file_A,A,433,V,0.03623,-0.97692,False,0.03427,100,196,0
file_A,A,434,I,0.00438,-1.17071,False,0.00000,100,196,0
file_A,A,435,A,0.00388,-1.17375,False,0.00000,100,196,0
file_A,A,436,W,0.10923,-0.53277,False,0.17617,100,196,0
file_A,A,437,N,0.14687,-0.30375,False,0.33606,100,196,0
file_A,A,438,S,0.01636,-1.09782,False,0.00520,100,196,0
file_A,A,439,N,0.19525,-0.00939,False,0.18442,100,196,0
file_A,A,440,N,0.37592,1.08986,False,0.81269,100,196,0
file_A,A,441,L,0.24142,0.27152,False,0.67956,100,196,0
file_A,A,442,D,0.03502,-0.98428,False,0.02640,100,196,0
file_A,A,443,S,0.17104,-0.15670,False,0.11518,100,196,0
file_A,A,444,K,0.31146,0.69766,False,0.55702,100,196,0
file_A,A,445,V,0.27912,0.50090,False,1.04238,100,196,0
file_A,A,446,G,0.39765,1.22207,False,0.71632,100,196,0
file_A,A,447,G,0.32538,0.78236,False,0.19035,100,196,0
file_A,A,448,N,0.09411,-0.62476,False,0.04632,100,196,0
file_A,A,449,Y,0.56899,2.26456,True,0.48771,100,196,0
file_A,A,450,N,0.49726,1.82813,True,0.69621,100,196,0
file_A,A,451,Y,0.09201,-0.63754,False,0.08600,100,196,0
file_A,A,452,L,0.27439,0.47212,False,0.27533,100,196,0
file_A,A,453,Y,0.54948,2.14585,True,0.08641,100,196,0
file_A,A,454,R,0.05825,-0.84295,False,0.02349,100,196,0
file_A,A,455,L,0.67269,2.89550,True,0.31111,100,196,0
file_A,A,456,F,0.67689,2.92105,True,0.29593,100,196,0
file_A,A,457,R,0.48625,1.76114,True,0.18431,100,196,0
file_A,A,458,K,0.51623,1.94355,True,0.92752,100,196,0
file_A,A,459,S,0.35218,0.94542,False,0.51409,100,196,0
file_A,A,460,N,0.65562,2.79164,True,0.56271,100,196,0
file_A,A,461,L,0.08922,-0.65451,False,0.03760,100,196,0
file_A,A,462,K,0.27398,0.46962,False,0.76589,100,196,0
file_A,A,463,P,0.10986,-0.52893,False,0.47055,100,196,0
file_A,A,464,F,0.20247,0.03453,False,0.30680,100,196,0
file_A,A,465,E,0.15747,-0.23926,False,0.33682,100,196,0
file_A,A,466,R,0.24330,0.28296,False,0.47786,100,196,0
file_A,A,467,D,0.14883,-0.29183,False,0.14742,100,196,0
file_A,A,468,I,0.24911,0.31831,False,0.58828,100,196,0
file_A,A,469,S,0.20013,0.02030,False,0.36626,100,196,0
file_A,A,470,T,0.45657,1.58056,True,0.50184,100,196,0
file_A,A,471,E,0.24788,0.31082,False,0.69909,100,196,0
file_A,A,472,I,0.26368,0.40695,False,0.18031,100,196,0
file_A,A,473,Y,0.65902,2.81233,True,0.21656,100,196,0
file_A,A,474,Q,0.32736,0.79440,False,0.40493,100,196,0
file_A,A,475,A,0.74891,3.35925,True,0.49821,100,196,0
file_A,A,476,G,0.46938,1.65850,True,0.27705,100,196,0
file_A,A,477,S,0.47782,1.70985,True,0.87292,100,196,0
file_A,A,478,T,0.30403,0.65246,False,0.61949,100,196,0
file_A,A,479,P,0.37032,1.05579,False,0.67771,100,196,0
file_A,A,480,C,0.15579,-0.24948,False,0.10848,100,196,0
file_A,A,481,N,0.43121,1.42626,False,0.85471,100,196,0
file_A,A,482,G,0.42336,1.37850,False,0.70343,100,196,0
file_A,A,483,V,0.40169,1.24665,False,0.73897,100,196,0
file_A,A,484,E,0.64999,2.75739,True,0.52749,100,196,0
file_A,A,485,G,0.50916,1.90053,True,0.51791,100,196,0
file_A,A,486,F,0.75588,3.40165,True,0.93843,100,196,0
file_A,A,487,N,0.59479,2.42153,True,0.25691,100,196,0
file_A,A,488,C,0.24766,0.30948,False,0.08050,100,196,0
file_A,A,489,Y,0.75258,3.38158,True,0.36647,100,196,0
file_A,A,490,F,0.62351,2.59627,True,0.44061,100,196,0
file_A,A,491,P,0.03914,-0.95922,False,0.02684,100,196,0
file_A,A,492,L,0.45237,1.55500,True,0.09236,100,196,0
file_A,A,493,Q,0.71980,3.18213,True,0.45867,100,196,0
file_A,A,494,S,0.48911,1.77854,True,0.32071,100,196,0
file_A,A,495,Y,0.31203,0.70113,False,0.02557,100,196,0
file_A,A,496,G,0.61046,2.51687,True,0.34460,100,196,0
file_A,A,497,F,0.01126,-1.12885,False,0.00318,100,196,0
file_A,A,498,Q,0.39267,1.19177,False,0.25253,100,196,0
file_A,A,499,P,0.19943,0.01604,False,0.49778,100,196,0
file_A,A,500,T,0.45601,1.57715,True,0.93283,100,196,0
file_A,A,501,N,0.41397,1.32137,False,0.19267,100,196,0
file_A,A,502,G,0.62369,2.59737,True,0.61717,100,196,0
file_A,A,503,V,0.34470,0.89991,False,0.66967,100,196,0
file_A,A,504,G,0.31659,0.72888,False,0.21289,100,196,0
file_A,A,505,Y,0.75321,3.38541,True,0.53923,100,196,0
file_A,A,506,Q,0.24004,0.26312,False,0.11945,100,196,0
file_A,A,507,P,0.00438,-1.17071,False,0.00000,100,196,0
file_A,A,508,Y,0.19621,-0.00355,False,0.09056,100,196,0
file_A,A,509,R,0.06724,-0.78825,False,0.04183,100,196,0
file_A,A,510,V,0.00203,-1.18501,False,0.00000,100,196,0
file_A,A,511,V,0.00323,-1.17770,False,0.00000,100,196,0
file_A,A,512,V,0.00330,-1.17728,False,0.00000,100,196,0
file_A,A,513,L,0.00523,-1.16554,False,0.00330,100,196,0
file_A,A,514,S,0.04948,-0.89631,False,0.06344,100,196,0
file_A,A,515,F,0.08342,-0.68980,False,0.08061,100,196,0
file_A,A,516,E,0.24843,0.31417,False,0.26258,100,196,0
file_A,A,517,L,0.32184,0.76082,False,0.77586,100,196,0
file_A,A,518,L,0.32027,0.75127,False,0.57594,100,196,0
file_A,A,519,H,0.30766,0.67454,False,1.10812,100,196,0
file_A,A,520,A,0.26249,0.39971,False,0.49903,100,196,0
file_A,A,521,P,0.27634,0.48398,False,0.90318,100,196,0
file_A,A,522,A,0.26958,0.44285,False,0.48084,100,196,0
file_A,A,523,T,0.16550,-0.19040,False,0.32046,100,196,0
file_A,A,524,V,0.02866,-1.02298,False,0.01639,100,196,0
file_A,A,525,C,0.07566,-0.73702,False,0.31704,100,196,0
file_A,A,526,G,0.05545,-0.85998,False,0.16070,100,196,0
file_A,A,527,P,0.11117,-0.52096,False,0.44298,100,196,0
file_A,A,528,K,0.11748,-0.48257,False,1.03172,100,196,0
